Callgen%20User%20Guide.pdf		   text.txt
Pagent_Callgen_Instructions\ for_CLPs.doc  TGN\ User\ Guide.pdf

18xx:
1841

26xx:
c2600-a3jk9s-mz.122-27.bin
c2600-a3jk9s-mz.123-11.T.bin
c2600-a3jk9s-mz.123-8.T4.bin
c2600-a3js-mz.123-14.T7.bin
c2600-a3js-mz.123-17b.bin
c2600-a3js-mz.123-6a.bin
c2600-adventerprisek9_ivs-mz.124-11.T.bin
c2600-adventerprisek9_ivs-mz.124-15.T8.bin
c2600-adventerprisek9_ivs-mz.124-17.bin
c2600-adventerprisek9_ivs-mz.124-19.bin
c2600-adventerprisek9_ivs-mz.124-21a.bin
c2600-adventerprisek9_ivs-mz.124-25b.bin
c2600-adventerprisek9_sna-mz.124-15.T8.bin
c2600-adventerprisek9_sna-mz.124-19.bin
c2600-adventerprisek9_sna-mz.124-23.bin
c2600-adventerprisek9_sna-mz.124-25b.bin
c2600-adventerprisek9-mz.123-11.T.bin
c2600-adventerprisek9-mz.123-11.T10.bin
c2600-adventerprisek9-mz.123-11.T3.bin
c2600-adventerprisek9-mz.123-11.T9.bin
c2600-adventerprisek9-mz.123-14.T2.bin
c2600-adventerprisek9-mz.123-14.T7.bin
c2600-adventerprisek9-mz.123-15.bin
c2600-adventerprisek9-mz.123-1a.bin
c2600-adventerprisek9-mz.123-20.bin
c2600-adventerprisek9-mz.123-22.bin
c2600-adventerprisek9-mz.123-23.bin
c2600-adventerprisek9-mz.123-24.bin
c2600-adventerprisek9-mz.123-25.bin
c2600-adventerprisek9-mz.123-26.bin
c2600-adventerprisek9-mz.123-6d.bin
c2600-adventerprisek9-mz.123-8.T4.bin
c2600-adventerprisek9-mz.123-8.T7.bin
c2600-adventerprisek9-mz.124-1.bin
c2600-adventerprisek9-mz.124-10a.bin
c2600-adventerprisek9-mz.124-15.T10.bin
c2600-adventerprisek9-mz.124-15.T2.bin
c2600-adventerprisek9-mz.124-15.T3.bin
c2600-adventerprisek9-mz.124-15.T7.bin
c2600-adventerprisek9-mz.124-15.T8.bin
c2600-adventerprisek9-mz.124-15.T9.bin
c2600-adventerprisek9-mz.124-16.bin
c2600-adventerprisek9-mz.124-17.bin
c2600-adventerprisek9-mz.124-18.bin
c2600-adventerprisek9-mz.124-19.bin
c2600-Adventerprisek9-Mz.124-2.T.bin
c2600-adventerprisek9-mz.124-2.T1.bin
c2600-adventerprisek9-mz.124-21.bin
c2600-adventerprisek9-mz.124-23.bin
c2600-adventerprisek9-mz.124-25b.bin
c2600-adventerprisek9-mz.124-25c.bin
c2600-adventerprisek9-mz.124-25d.bin
c2600-adventerprisek9-mz.124-3.bin
c2600-adventerprisek9-mz.124-3a.bin
c2600-adventerprisek9-mz.124-3b.bin
c2600-adventerprisek9-mz.124-3d.bin
c2600-adventerprisek9-mz.124-7.bin
c2600-adventerprisek9-mz.124-8.bin
c2600-adventerprisek9-mz.124-8a.bin
c2600-adventerprisek9-mz.124-9.t.bin
c2600-adventerprisek9-mz.124-9.T2.bin
c2600-advipservicesk9-mz.123-11.T8.bin
c2600-advipservicesk9-mz.123-13.bin
c2600-advipservicesk9-mz.123-24a.bin
c2600-advipservicesk9-mz.123-4.T6.bin
c2600-advipservicesk9-mz.123-8.T.bin
c2600-advipservicesk9-mz.124-10a.bin
c2600-advipservicesk9-mz.124-13a.bin
c2600-advipservicesk9-mz.124-15.T4.bin
c2600-advipservicesk9-mz.124-15.T5.bin
c2600-advipservicesk9-mz.124-15.T7.bin
c2600-advipservicesk9-mz.124-15.T8.bin
c2600-advipservicesk9-mz.124-16.bin
c2600-advipservicesk9-mz.124-17.bin
c2600-advipservicesk9-mz.124-17a.bin
c2600-advipservicesk9-mz.124-17b.bin
c2600-advipservicesk9-mz.124-18.bin
c2600-advipservicesk9-mz.124-18a.bin
c2600-advipservicesk9-mz.124-19.bin
c2600-advipservicesk9-mz.124-21.bin
c2600-advipservicesk9-mz.124-21a.bin
c2600-advipservicesk9-mz.124-23.bin
c2600-advipservicesk9-mz.124-25b.bin
c2600-advipservicesk9-mz.124-25d.bin
c2600-advipservicesk9-mz.124-3.bin
c2600-advipservicesk9-mz.124-5a.bin
c2600-advipservicesk9-mz.124-8.bin
c2600-advsecurityk9-mz.123-12.bin
c2600-advsecurityk9-mz.123-14.T1.bin
c2600-advsecurityk9-mz.123-14.T7.bin
c2600-advsecurityk9-mz.123-17a.bin
c2600-advsecurityk9-mz.123-17b.bin
c2600-advsecurityk9-mz.123-22.bin
c2600-advsecurityk9-mz.123-24a.bin
c2600-advsecurityk9-mz.123-25.bin
c2600-advsecurityk9-mz.123-26.bin
C2600-Advsecurityk9-Mz.123-5a.bin
c2600-advsecurityk9-mz.123-7.T12.bin
c2600-advsecurityk9-mz.123-8.T1.bin
c2600-advsecurityk9-mz.123-8.T11.bin
c2600-advsecurityk9-mz.123-9.bin
c2600-advsecurityk9-mz.124-12.bin
c2600-advsecurityk9-mz.124-12a.bin
c2600-advsecurityk9-mz.124-12c.bin
c2600-advsecurityk9-mz.124-13a.bin
c2600-advsecurityk9-mz.124-15.t14.bin
c2600-advsecurityk9-mz.124-15.T3.bin
c2600-advsecurityk9-mz.124-15.T7.bin
c2600-advsecurityk9-mz.124-15.T9.bin
c2600-advsecurityk9-mz.124-17.bin
c2600-advsecurityk9-mz.124-17a.bin
c2600-advsecurityk9-mz.124-18.bin
c2600-advsecurityk9-mz.124-19b.bin
c2600-advsecurityk9-mz.124-1a.bin
c2600-advsecurityk9-mz.124-2.t1.bin
c2600-advsecurityk9-mz.124-21.bin
c2600-advsecurityk9-mz.124-23.bin
c2600-advsecurityk9-mz.124-25a.bin
c2600-advsecurityk9-mz.124-25b.bin
c2600-advsecurityk9-mz.124-3.bin
c2600-advsecurityk9-mz.124-3a.bin
c2600-advsecurityk9-mz.124-4.T.bin
c2600-advsecurityk9-mz.124-5.bin
c2600-advsecurityk9-mz.124-8.bin
c2600-advsecurityk9-mz.124-9.t1.bin
c2600-bin-mz.123-18.bin
c2600-bin-mz.123-6f.bin
c2600-bino3s3-mz.123-22.bin
c2600-bino3s3-mz.123-26.bin
c2600-bins-mz.122-11.T.bin
c2600-c-mz.121-27b.bin
c2600-c-mz.121-9.bin
c2600-c-mz.122-4.T1.bin
c2600-c-mz.123-1.bin
c2600-c-mz.123-20.bin
c2600-c-mz.123-22.bin
c2600-c-mz.123-23.bin
c2600-d-mz.113-6.T.bin
c2600-d-mz.120-28c.bin
c2600-d-mz.121-27b.bin
c2600-d-mz.122-1.bin
c2600-d-mz.122-29a.bin
c2600-d-mz.122-5a.bin
c2600-do3s-mz.120-5.T1.bin
c2600-do3s-mz.121-27b.bin
c2600-do3s-mz.121-5.T7.bin
c2600-do3s-mz.122-13a.bin
c2600-do3s-mz.122-40a.bin
c2600-ds-mz.121-5.T7.bin
c2600-ds-mz.122-29a.bin
c2600-ds-mz.122-5.bin
c2600-entbasek9-mz.124-15.T9.bin
c2600-entbasek9-mz.124-21.bin
c2600-entbasek9-mz.124-3.bin
c2600-entbasek9-mz.124-6.T2.bin
c2600-entbasek9-mz.124-9.t1.bin
c2600-entbase-mz.123-10.bin
c2600-entbase-mz.123-11.T.bin
c2600-entbase-mz.123-11.T2.bin
c2600-entbase-mz.123-12.bin
c2600-entbase-mz.123-14.T2.bin
c2600-entbase-mz.123-8.T1.bin
c2600-entbase-mz.123-8.T4.bin
c2600-entbase-mz.124-25c.bin
c2600-entbase-mz.124-5.bin
c2600-entservicesk9-mz.123-11.T.bin
c2600-entservicesk9-mz.123-8.T4.bin
c2600-entservicesk9-mz.124-12.bin
c2600-entservicesk9-mz.124-17.bin
c2600-entservicesk9-mz.124-2.T.bin
c2600-entservicesk9-mz.124-2.t1.bin
c2600-entservicesk9-mz.124-21.bin
c2600-entservicesk9-mz.124-3.bin
c2600-entservicesk9-mz.124-5a.bin
c2600-entservicesk9-mz.124-8.bin
c2600-entservices-mz.124-23.bin
c2600-entservices-mz.124-25c.bin
c2600-ik2o3s-mz.121-27b.bin
c2600-ik2s-mz.121-27b.bin
c2600-ik8o3s-mz.122-11.T.bin
c2600-ik8o3s-mz.122-5.bin
c2600-ik8o3s-mz.122-8.T5.bin
c2600-ik8s-mz.122-11.T.bin
c2600-ik8s-mz.122-11.T3.bin
c2600-ik8s-mz.122-11.T8.bin
c2600-ik8s-mz.122-17.bin
c2600-ik8s-mz.122-24.bin
c2600-ik8s-mz.122-32.bin
c2600-ik8s-mz.122-7a.bin
c2600-ik9o3s3-mz.122-15.T16.bin
c2600-ik9o3s3-mz.122-15.T17.bin
c2600-ik9o3s3-mz.122-15.T2.bin
c2600-ik9o3s3-mz.122-15.T8.bin
c2600-ik9o3s3-mz.122-15.T9.bin
c2600-ik9o3s3-mz.123-10a.bin
c2600-ik9o3s3-mz.123-12.bin
c2600-ik9o3s3-mz.123-12c.bin
c2600-ik9o3s3-mz.123-13.bin
c2600-ik9o3s3-mz.123-13a.bin
c2600-ik9o3s3-mz.123-15.bin
c2600-ik9o3s3-mz.123-15b.bin
c2600-ik9o3s3-mz.123-17a.bin
c2600-ik9o3s3-mz.123-18.bin
c2600-ik9o3s3-mz.123-19.bin
c2600-ik9o3s3-Mz.123-1a.bin
c2600-ik9o3s3-mz.123-20.bin
c2600-ik9o3s3-mz.123-22.bin
c2600-ik9o3s3-mz.123-23.bin
c2600-ik9o3s3-mz.123-24.bin
c2600-ik9o3s3-mz.123-25.bin
c2600-ik9o3s3-mz.123-26.bin
c2600-ik9o3s3-mz.123-3a.bin
c2600-ik9o3s3-mz.123-5.bin
c2600-ik9o3s3-mz.123-6.bin
c2600-ik9o3s3-mz.123-9a.bin
c2600-ik9o3s3-mz.123-9d.bin
c2600-ik9o3s-mz.122-10b.bin
c2600-ik9o3s-mz.122-13.T14.bin
c2600-ik9o3s-mz.122-21b.bin
c2600-ik9o3s-mz.122-23.bin
c2600-ik9o3s-mz.122-7b.bin
c2600-ik9o3s-mz.122-8.T.bin
c2600-ik9o3s-mz.122-8.T8.bin
c2600-ik9o3s-mz.123-16.bin
c2600-ik9o3s-mz.123-8.4a.bin
c2600-ik9o3s-mz.123-9.4.bin
c2600-ik9s-mz.122-11.T3.bin
c2600-ik9s-mz.122-11.t6.bin
c2600-ik9s-mz.122-12a.bin
c2600-ik9s-mz.122-24a.bin
c2600-ik9s-mz.122-26.bin
c2600-ik9s-mz.122-27.bin
c2600-ik9s-mz.122-31.bin
c2600-ik9s-mz.122-34.bin
c2600-ik9s-mz.122-34a.bin
c2600-ik9s-mz.122-37.bin
c2600-ik9s-mz.122-40.bin
c2600-ik9s-mz.122-40a.bin
c2600-ik9s-mz.122-46.bin
c2600-ik9s-mz.122-46a.bin
c2600-ik9s-mz.123-17.bin
c2600-ik9s-mz.123-17a.bin
c2600-ik9s-mz.123-18.bin
c2600-ik9s-mz.123-19.bin
c2600-ik9s-mz.123-22.bin
c2600-ik9s-mz.123-26.bin
c2600-ik9s-mz.123-6a.bin
c2600-ik9s-mz.123-9.bin
c2600-i-mz.113-10.T.bin
c2600-i-mz.113-11b.T5.bin
c2600-i-mz.113-3a.T1.bin
c2600-i-mz.113-4.T1.bin
c2600-i-mz.113-6.T.bin
c2600-i-mz.120-10.bin
c2600-i-mz.120-3.T3.bin
c2600-i-mz.120-7.bin
c2600-i-mz.121-1.bin
c2600-i-mz.121-18.bin
c2600-i-mz.121-2.T.bin
c2600-i-mz.121-20.bin
c2600-i-mz.121-27b.bin
c2600-i-mz.121-3.T.bin
c2600-i-mz.121-5.T5.bin
c2600-i-mz.121-5.T6.bin
c2600-i-mz.121-5.T7.bin
c2600-i-mz.121-7.bin
c2600-i-mz.122-0.3.T.bin.T
c2600-i-mz.122-1.bin
c2600-i-mz.122-11.T6.bin
c2600-i-mz.122-12a.bin
c2600-i-mz.122-13.T9.bin
c2600-i-mz.122-15.T10.bin
c2600-i-mz.122-15.T17.bin
c2600-i-mz.122-17a.bin
c2600-i-mz.122-19a.bin
c2600-i-mz.122-2.T4.bin
c2600-i-mz.122-23.bin
c2600-i-mz.122-24.bin
c2600-i-mz.122-29.bin
c2600-i-mz.122-31.bin
c2600-i-mz.122-32.bin
c2600-i-mz.122-40a.bin
c2600-i-mz.122-46.bin
c2600-i-mz.122-46a.bin
c2600-i-mz.122-5d.bin
c2600-i-mz.122-7c.bin
c2600-i-mz.122-8.T.bin
c2600-i-mz.122-8.T10.bin
c2600-i-mz.122-8.T5.bin
c2600-i-mz.123-1.bin
c2600-i-mz.123-10.bin
c2600-i-mz.123-10a.bin
c2600-i-mz.123-10d.bin
c2600-i-mz.123-10f.bin
c2600-i-mz.123-13.bin
c2600-i-mz.123-15.bin
c2600-i-mz.123-15a.bin
c2600-i-mz.123-15b.bin
c2600-i-mz.123-18.bin
C2600-i-mz.123-1a.bin
c2600-i-mz.123-20.bin
c2600-i-mz.123-22.bin
c2600-i-mz.123-22a.bin
c2600-i-mz.123-24.bin
c2600-i-mz.123-25.bin
c2600-i-mz.123-26.bin
C2600-i-mz.123-3.bin
c2600-i-mz.123-6a.bin
c2600-i-mz.123-6c.bin
c2600-i-mz.123-9.bin
c2600-io3-mz.121-24.bin
c2600-io3-mz.121-5.T5.bin
c2600-io3-mz.121-6.5.bin
c2600-io3-mz.121-6.bin
c2600-io3-mz.121-7.bin
c2600-io3-mz.122-10.bin
c2600-io3-mz.122-15.T14.bin
c2600-io3-mz.122-15.T2.bin
c2600-io3-mz.122-15.T9.bin
c2600-io3-mz.122-16.bin
c2600-io3-mz.122-16c.bin
c2600-io3-mz.122-21b.bin
c2600-io3-mz.122-3.bin
c2600-io3-mz.122-32.bin
c2600-io3-mz.122-34a.bin
c2600-io3-mz.122-7b.bin
c2600-io3-mz.122-8.T5.bin
c2600-io3-mz.123-17a.bin
c2600-io3-mz.123-19.bin
c2600-io3-mz.123-22.bin
c2600-io3-mz.123-26.bin
c2600-io3-mz.123-3.bin
C2600-io3-mz.123-5a.bin
c2600-io3-mz.123-6b.bin
c2600-io3-mz.123-6f.bin
c2600-io3s56i-mz.120-5.XK1.bin
c2600-io3s56i-mz.120-7.T.bin
c2600-io3s56i-mz.120-7.xk1.bin
c2600-io3s56i-mz.121-2.bin
c2600-ipbasek9-mz.124-10a.bin
c2600-ipbasek9-mz.124-12.bin
c2600-ipbasek9-mz.124-13.bin
c2600-ipbasek9-mz.124-13a.bin
c2600-ipbasek9-mz.124-13c.bin
c2600-ipbasek9-mz.124-15.T3.bin
c2600-ipbasek9-mz.124-17.bin
c2600-ipbasek9-mz.124-18.bin
c2600-ipbasek9-mz.124-19.bin
c2600-ipbasek9-mz.124-21.bin
c2600-ipbasek9-mz.124-23.bin
c2600-ipbasek9-mz.124-25b.bin
c2600-ipbasek9-mz.124-3.bin
c2600-ipbasek9-mz.124-5.bin
c2600-ipbasek9-mz.124-8.bin
c2600-ipbasek9-mz.124-9.T.bin
c2600-ipbase-mz.123-11.T6.bin
c2600-ipbase-mz.123-14.T7.bin
c2600-ipbase-mz.123-19.bin
c2600-ipbase-mz.123-22.bin
c2600-ipbase-mz.123-23.bin
c2600-ipbase-mz.123-25.bin
c2600-ipbase-mz.123-6a.bin
c2600-ipbase-mz.123-6b.bin
c2600-ipbase-mz.123-6c.bin
c2600-ipbase-mz.123-6f.bin
c2600-ipbase-mz.123-8.T.bin
c2600-ipbase-mz.123-9.bin
C2600-Ipbase-Mz.123-9C.bin
c2600-ipbase-mz.124-19.bin
c2600-ipbase-mz.124-25c.bin
c2600-ipbase-mz.124-5.bin
c2600-ipbase-mz.124-8.bin
c2600-ipss7-mz.122-11.T8.bin
c2600-ipss7-mz.123-3h.bin
c2600-ipss7-mz.123-8.T6.bin
c2600-ipss7-mz.124-1a.bin
c2600-ipvoice_ivs-mz.124-19.bin
c2600-ipvoice_ivs-mz.124-1a.bin
c2600-ipvoice_ivs-mz.124-21a.bin
c2600-ipvoice_ivs-mz.124-25.bin
c2600-ipvoice_ivs-mz.124-25c.bin
c2600-ipvoice_ivs-mz.124-5a.bin
c2600-ipvoice_ivs-mz.124-9.T.bin
c2600-ipvoice-ivs-mz.123-14.T2.bin
c2600-ipvoicek9-mz.124-11.XJ4.bin
c2600-ipvoicek9-mz.124-13a.bin
c2600-ipvoicek9-mz.124-15.T7.bin
c2600-ipvoicek9-mz.124-17.bin
c2600-ipvoicek9-mz.124-21.bin
c2600-ipvoicek9-mz.124-25d.bin
c2600-ipvoicek9-mz.124-4.T.bin
c2600-ipvoicek9-mz.124-4.T1.bin
c2600-ipvoicek9-mz.124-5a.bin
c2600-ipvoice-mz.123-11.T3.bin
c2600-ipvoice-mz.123-14.T7.bin
c2600-ipvoice-mz.123-15.bin
c2600-ipvoice-mz.123-16a.bin
c2600-ipvoice-mz.123-17a.bin
c2600-ipvoice-mz.123-21.bin
c2600-ipvoice-mz.123-23.bin
c2600-ipvoice-mz.123-3i.bin
c2600-ipvoice-mz.123-4.T6.bin
c2600-ipvoice-mz.123-7.T.bin
c2600-ipvoice-mz.123-8.T.bin
c2600-ipvoice-mz.123-9.bin
c2600-ipvoice-mz.123-9a.bin
c2600-ipvoice-mz.124-12a.bin
c2600-ipvoice-mz.124-12c.bin
c2600-ipvoice-mz.124-18.bin
c2600-ipvoice-mz.124-19b.bin
c2600-ipvoice-mz.124-25c.bin
c2600-ipvoice-mz.124-5.bin
c2600-ipvoice-mz.124-5a.bin
c2600-ipvoice-mz.124-6.T3.bin
c2600-ipvoice-mz.124-7.bin
c2600-ipvoice-mz.124-8.bin
c2600-ipvoice-mz.124-8a.bin
c2600-ipvoice-mz.124-8b.bin
c2600-ipvoice-mz.124-8c.bin
c2600-ipvoice-mz.124-8d.bin
c2600-is3x-mz.122-13.T16.bin
c2600-is3x-mz.122-15.T17.bin
c2600-is3x-mz.123-16.bin
c2600-is3x-mz.123-26.bin
c2600-is4-mz.122-13.T1.bin
c2600-is4-mz.123-12b.bin
c2600-is4-mz.123-15b.bin
c2600-is4-mz.123-22.bin
c2600-is4-mz.123-23.bin
c2600-is4-mz.123-9.bin
c2600-is56i-mz.120-21a.bin
c2600-is56i-mz.121-14.bin
c2600-is56i-mz.121-7.bin
c2600-is5-mz.123-10a.bin
c2600-is5-mz.123-16.bin
c2600-is5-mz.123-21.bin
c2600-is5-mz.123-25.bin
c2600-is5-mz.123-26.bin
C2600-is5-mz.123-9.bin
c2600-is-mz.120-23.bin
c2600-is-mz.120-28a.bin
c2600-is-mz.120-28d.bin
c2600-is-mz.120-4-t.bin
c2600-is-mz.120-5.T1.bin
c2600-is-mz.120-5.XK2.bin
c2600-is-mz.120-7.t.bin
c2600-is-mz.120-7.T2.bin
c2600-is-mz.120-7.T3.bin
c2600-is-mz.120-8.bin
c2600-is-mz.120-9.bin
c2600-is-mz.121-11.bin
c2600-is-mz.121-14.bin
c2600-is-mz.121-16.bin
c2600-is-mz.121-18.bin
c2600-is-mz.121-19.bin
c2600-is-mz.121-1a.T1.bin
c2600-is-mz.121-22c.bin
c2600-is-mz.121-24.bin
c2600-is-mz.121-26.bin
c2600-is-mz.121-27b.bin
c2600-is-mz.121-3a.T4.bin
c2600-is-mz.121-5.T7.bin
c2600-is-mz.121-8.bin
c2600-is-mz.122-11.T.bin
c2600-is-mz.122-11.T11.bin
c2600-is-mz.122-11.T9.bin
c2600-is-mz.122-12.bin
c2600-is-mz.122-12a.bin
c2600-is-mz.122-13.T13.bin
c2600-is-mz.122-13.T16.bin
c2600-is-mz.122-15.T10.bin
c2600-is-mz.122-15.T14.bin
c2600-is-mz.122-15.T15.bin
c2600-is-mz.122-15.T17.bin
c2600-is-mz.122-15.T8.bin
c2600-is-mz.122-15.ZJ3.bin
c2600-is-mz.122-19.bin
c2600-is-mz.122-19a.bin
c2600-is-mz.122-2.T.bin
c2600-is-mz.122-2.XT.bin
c2600-is-mz.122-23.bin
c2600-is-mz.122-24.bin
c2600-is-mz.122-24a.bin
c2600-is-mz.122-27.bin
c2600-is-mz.122-29.bin
c2600-is-mz.122-31.bin
c2600-is-mz.122-32.bin
c2600-is-mz.122-4.t1.bin
c2600-is-mz.122-40.bin
c2600-is-mz.122-46.bin
c2600-is-mz.122-46a.bin
c2600-is-mz.122-5.bin
c2600-is-mz.122-5a.bin
c2600-is-mz.122-6.bin
c2600-is-mz.122-8.T.bin
c2600-is-mz.122-8.T4.bin
c2600-is-mz.122-8.T5.bin
c2600-is-mz.123-15.bin
c2600-is-mz.123-15a.bin
c2600-is-mz.123-16.bin
c2600-is-mz.123-17a.bin
c2600-is-mz.123-18.bin
c2600-is-mz.123-19.bin
c2600-is-mz.123-21.bin
c2600-is-mz.123-22.bin
c2600-is-mz.123-24.bin
c2600-is-mz.123-25.bin
c2600-is-mz.123-3.bin
C2600-Is-Mz.123-5b.bin
c2600-is-mz.123-6d.bin
c2600-is-mz.123-6e.bin
c2600-is-mz.123-9.bin
c2600-is-mz.123-9a.bin
c2600-itpk9-mz.122-25.SW7.bin
c2600-itpk9-mz.124-11.SW.bin
c2600-itpk9-mz.124-11.SW2.bin
c2600-itpk9-mz.124-15.SW.bin
c2600-ix-mz.122-1.bin
c2600-ix-mz.122-11.T11.bin
c2600-ix-mz.122-11.T3.bin
c2600-ix-mz.122-11.T8.bin
c2600-ix-mz.122-13.bin
c2600-ix-mz.122-17.bin
c2600-ix-mz.123-10.bin
c2600-ix-mz.123-11.T.bin
c2600-ix-mz.123-13.bin
c2600-ix-mz.123-22.bin
c2600-ix-mz.123-26.bin
C2600-Ix-Mz.123-6.bin
c2600-j1s3-mz.122-15.T17.bin
C2600-j1s3-Mz.123-1.bin
c2600-j1s3-mz.123-10.bin
c2600-j1s3-mz.123-10a.bin
c2600-j1s3-mz.123-12.bin
c2600-j1s3-mz.123-12a.bin
c2600-j1s3-mz.123-15b.bin
c2600-j1s3-mz.123-18.bin
c2600-j1s3-mz.123-19.bin
c2600-j1s3-mz.123-20.bin
c2600-j1s3-mz.123-21.bin
c2600-j1s3-mz.123-22.bin
c2600-j1s3-mz.123-23.bin
c2600-j1s3-mz.123-24.bin
c2600-j1s3-mz.123-25.bin
c2600-j1s3-mz.123-26.bin
c2600-j1s3-mz.123-3i.bin
c2600-j1s3-mz.123-5.bin
C2600-j1s3-Mz.123-6.bin
c2600-j1s3-mz.123-6a.bin
c2600-jk2o3s-mz.121-19.bin
c2600-jk8o3s-mz.122-13.bin
c2600-jk8o3s-mz.122-17.bin
c2600-jk8o3s-mz.122-4.T.bin
c2600-jk9o3s-mz.122-12a.bin
c2600-jk9o3s-mz.122-15.T5.bin
c2600-jk9o3s-mz.122-17.bin
c2600-jk9o3s-mz.122-21.bin
c2600-jk9o3s-mz.122-24.bin
c2600-jk9o3s-mz.122-27.bin
c2600-jk9o3s-mz.122-28.bin
c2600-jk9o3s-mz.123-10.bin
c2600-jk9o3s-mz.123-12.bin
c2600-jk9o3s-mz.123-15.bin
c2600-jk9o3s-mz.123-24.bin
c2600-jk9o3s-mz.123-3f.bin
c2600-jk9s2-mz.123-14.T1.bin
c2600-jk9s-mz.122-12a.bin
c2600-jk9s-mz.122-2.T4.bin
c2600-jk9s-mz.122-28a.bin
c2600-jk9s-mz.122-31.bin
c2600-jk9s-mz.122-32.bin
c2600-jk9s-mz.122-46.bin
c2600-jk9s-mz.123-10b.bin
c2600-jk9s-mz.123-26.bin
c2600-jo3s56i-mz.120-7.T.bin
c2600-jo3s56i-mz.121-1.T.bin
c2600-jo3s56i-mz.121-5.T7.bin
c2600-jo3s56i-mz.121-5.T8.bin
c2600-jo3s56i-mz.121-5.T9.bin
c2600-jo3s56i-mz.121-9.bin
c2600-js56i-mz.120-21a.bin
c2600-js56i-mz.120-5.T1.bin
c2600-js56i-mz.121-5.T10.bin
c2600-js-mz.121-5.T.bin
c2600-js-mz.121-5.t8.bin
c2600-js-mz.121-8.bin
c2600-js-mz.122-12a.bin
c2600-js-mz.122-12l.bin
c2600-js-mz.122-13.bin
c2600-js-mz.122-13c.bin
c2600-js-mz.122-19a.bin
c2600-js-mz.122-23.bin
c2600-js-mz.122-27.bin
c2600-js-mz.122-28.bin
c2600-js-mz.122-3.bin
c2600-js-mz.122-31.bin
c2600-js-mz.122-34a.bin
c2600-js-mz.122-40.bin
c2600-js-mz.122-46a.bin
c2600-js-mz.123-15.bin
c2600-js-mz.123-16.bin
c2600-js-mz.123-17a.bin
c2600-jsx-mz.122-16c.bin
c2600-jsx-mz.122-27.bin
c2600-jsx-mz.122-28.bin
c2600-jsx-mz.122-29.bin
c2600-jsx-mz.122-40.bin
C2600-Jsx-Mz.123-11.T.bin
c2600-jsx-mz.123-13.bin
c2600-jsx-mz.123-14.T6.bin
c2600-jsx-mz.123-8.T10.bin
c2600-jsx-mz.123-8.T4.bin
c2600-p-mz.120-27.bin
c2600-p-mz.120-28.3.S.bin
c2600-p-mz.991126
c2600-spservicesk9-mz.123-11.T.bin
c2600-spservicesk9-mz.123-11.T10.bin
c2600-spservicesk9-mz.123-11.T11.bin
c2600-spservicesk9-mz.123-14.T6.bin
c2600-spservicesk9-mz.123-19.bin
c2600-spservicesk9-mz.123-2.T1.bin
c2600-spservicesk9-mz.123-6d.bin
c2600-spservicesk9-mz.123-8.T4.bin
c2600-spservicesk9-mz.124-10a.bin
c2600-spservicesk9-mz.124-17.bin
c2600-spservicesk9-mz.124-19.bin
c2600-spservicesk9-mz.124-2.T1.bin
c2600-spservicesk9-mz.124-25d.bin
c2600-spservicesk9-mz.124-4.T.bin
c2600-spservicesk9-mz.124-7.bin
c2600-spservicesk9-mz.124-8a.bin
c2600-telco-mz.123-11.T2.bin
c2600-telco-mz.123-17a.bin
c2600-telco-mz.123-20.bin
c2600-telco-mz.123-24.bin
c2600-telco-mz.123-8.T1.bin
c2600-telco-mz.124-17.bin
c2600-telco-mz.124-2.T.bin
c2600-telco-mz.124-2.t1.bin
c2600-telco-mz.124-21.bin
c2600-telco-mz.124-23.bin
c2600-telco-mz.124-25c.bin
c2600-telco-mz.124-5.bin
c2600-telco-mz.124-7.bin
c2600-tpgen+ipbase-mz.PAGENT.4.2.2
c2600-tsjspgen-mz.bin
c2691-adventerprisek9_sna-mz.124-13b.bin
c2691-adventerprisek9_sna-mz.124-15.T8.bin
c2691-adventerprisek9_sna-mz.124-23.bin
c2691-adventerprisek9-mz.123-10.bin
c2691-adventerprisek9-mz.123-17a.bin
c2691-adventerprisek9-mz.123-25.bin
c2691-adventerprisek9-mz.124-15.T14.bin
c2691-adventerprisek9-mz.124-15.T7.bin
c2691-adventerprisek9-mz.124-23.bin
c2691-adventerprisek9-mz.124-5a.bin
c2691-advipservicesk9-mz.123-24.bin
c2691-advipservicesk9-mz.124-15.T14.bin
c2691-advipservicesk9-mz.124-15.T6.bin
c2691-advipservicesk9-mz.124-17.bin
c2691-advsecurityk9-mz.123-11.T.bin
c2691-advsecurityk9-mz.123-11.T4.bin
c2691-advsecurityk9-mz.123-24.bin
c2691-advsecurityk9-mz.123-6c.bin
c2691-advsecurityk9-mz.124-11.T2.bin
c2691-advsecurityk9-mz.124-15.T14.bin
c2691-advsecurityk9-mz.124-6.t.bin
c2691-bino3s-mz.123-22.bin
c2691-entbasek9-mz.124-13b.bin
c2691-entbase-mz.124-23.bin
c2691-entbase-mz.124-25c.bin
c2691-entservicesk9-mz.123-16.bin
c2691-entservicesk9-mz.124-13b.bin
c2691-entservices-mz.124-25c.bin
c2691-ik9s-mz.123-22.bin
c2691-i-mz.123-12a.bin
c2691-i-mz.123-22.bin
c2691-ipbasek9-mz.124-13b.bin
c2691-ipbase-mz.123-20.bin
c2691-ipbase-mz.123-26.bin
c2691-ipbase-mz.124-25c.bin
c2691-ipvoice_ivs-mz.124-25c.bin
c2691-ipvoicek9-mz.124-13b.bin
c2691-ipvoicek9-mz.124-25d.bin
c2691-ipvoice-mz.124-25c.bin
c2691-ipvoice-mz.124-3e.bin
c2691-is-mz.123-22.bin
c2691-jk9o3s-mz.123-22.bin
c2691-jk9s-mz.123-17.bin
c2691-js-mz.122-15.T13.bin
c2691-jsx-mz.122-15.T13.bin
c2691-jsx-mz.124-1.bin
c2691-spservicesk9-mz.124-4.T7.bin
igs-i-l.111-24.bin
igs-in-l.103-8.bin
ios-gen-key1.jpg
ios-gen-key2.jpg

7200:
C7200_NPEG2_RM.124-12.2r.T
C7200_NPEG2_RMFUR.srec.124-12.2r.T
c7200-a3jk91s-mz.122-31.SB16.bin
c7200-a3jk91s-mz.122-31.sb2.bin
c7200-a3jk9s-mz.122-23.bin
c7200-a3jk9s-mz.123-22.bin
c7200-a3jk9s-mz.123-25.bin
c7200-a3jk9s-mz.124-12.bin
c7200-a3jk9s-mz.124-23.bin
c7200-a3jk9s-mz.124-25.bin
c7200-a3jk9s-mz.124-25d.bin
c7200-a3jk9s-mz.124-25g.bin
c7200-adventerprisek9_mw-mz.124-20.T5.bin
c7200-adventerprisek9_sna-mz.124-20.T5.bin
c7200-adventerprisek9_sna-mz.124-22.T.bin
c7200-adventerprisek9_sna-mz.152-4.M2.bin
c7200-adventerprisek9_sna-mz.152-4.m4.bin
c7200-adventerprisek9-mz.122-33.SRC1.bin
c7200-adventerprisek9-mz.122-33.SRC6.bin
c7200-adventerprisek9-mz.122-33.SRD7.bin
c7200-adventerprisek9-mz.122-33.SRD8.bin
c7200-adventerprisek9-mz.122-33.SRE6.bin
c7200-adventerprisek9-mz.122-33.SRE7.bin
c7200-adventerprisek9-mz.124-11.t.bin
c7200-adventerprisek9-mz.124-11.T1.bin
c7200-adventerprisek9-mz.124-11.T2.bin
c7200-adventerprisek9-mz.124-15.T.bin
c7200-adventerprisek9-mz.124-15.T1.bin
c7200-adventerprisek9-mz.124-15.T13.bin
c7200-adventerprisek9-mz.124-15.T14.bin
c7200-adventerprisek9-mz.124-15.T5.bin
c7200-adventerprisek9-mz.124-15.T6.bin
c7200-adventerprisek9-mz.124-15.T9.bin
c7200-adventerprisek9-mz.124-2.T.bin
c7200-adventerprisek9-mz.124-20.T.bin
c7200-adventerprisek9-mz.124-20.T1.bin
c7200-adventerprisek9-mz.124-20.T5.bin
c7200-adventerprisek9-mz.124-22.T.bin
c7200-adventerprisek9-mz.124-24.T.bin
c7200-adventerprisek9-mz.124-24.T2.bin
c7200-adventerprisek9-mz.124-24.T3.bin
c7200-adventerprisek9-mz.124-24.T4.bin
c7200-adventerprisek9-mz.124-24.T5.bin
c7200-adventerprisek9-mz.124-24.T8.bin
c7200-adventerprisek9-mz.124-4.t1.bin
c7200-adventerprisek9-mz.124-4.T4.bin
c7200-adventerprisek9-mz.124-6.t.bin
c7200-adventerprisek9-mz.124-6.t2.bin
c7200-adventerprisek9-mz.124-6.T3.bin
c7200-adventerprisek9-mz.124-9.T.bin
c7200-adventerprisek9-mz.124-9.T4.bin
c7200-adventerprisek9-mz.150-1.M.bin
c7200-adventerprisek9-mz.150-1.M10.bin
c7200-adventerprisek9-mz.150-1.M5.bin
c7200-adventerprisek9-mz.150-1.M9.bin
c7200-adventerprisek9-mz.151-3.S4.bin
c7200-adventerprisek9-mz.151-4.M.bin
c7200-adventerprisek9-mz.151-4.M2.bin
c7200-adventerprisek9-mz.151-4.M9.bin
c7200-adventerprisek9-mz.152-4.M2.bin
c7200-adventerprisek9-mz.152-4.M3.bin
c7200-adventerprisek9-mz.152-4.M6.bin
c7200-adventerprisek9-mz.152-4.M7.bin
c7200-adventerprisek9-mz.152-4.M8.bin
c7200-adventerprisek9-mz.152-4.S1.bin
c7200-adventerprisek9-mz.152-4.S2.bin
c7200-adventerprisek9-mz.152-4.S4.bin
c7200-adventerprisek9-mz.152-4.S6.bin
c7200-adventerprisek9-mz.152-4.S7.bin
c7200-adventerprisek9-mz.152-4.XB10.bin
c7200-adventerprisek9-mz.153-3.XB12.bin
c7200-advipservicesk9_li-mz.124-11.t.bin
c7200-advipservicesk9_li-mz.124-15.T14.bin
c7200-advipservicesk9_li-mz.124-22.T.bin
c7200-advipservicesk9_li-mz.152-4.M6.bin
c7200-advipservicesk9-mz.122-33.SRC2.bin
c7200-advipservicesk9-mz.122-33.SRD4.bin
c7200-advipservicesk9-mz.122-33.SRE.bin
c7200-advipservicesk9-mz.122-33.SRE1.bin
c7200-advipservicesk9-mz.124-11.T1.bin
c7200-advipservicesk9-mz.124-15.T.bin
c7200-advipservicesk9-mz.124-15.t1.bin
c7200-advipservicesk9-mz.124-2.t.bin
c7200-advipservicesk9-mz.124-20.T.bin
c7200-advipservicesk9-mz.124-24.T.bin
c7200-advipservicesk9-mz.124-24.T4.bin
c7200-advipservicesk9-mz.124-24.T5.bin
c7200-advipservicesk9-mz.124-4.t1.bin
c7200-advipservicesk9-mz.124-6.T.bin
c7200-advipservicesk9-mz.124-6.t2.bin
c7200-advipservicesk9-mz.124-6.T7.bin
c7200-advipservicesk9-mz.124-9.T.bin
c7200-advipservicesk9-mz.124-9.t1.bin
c7200-advipservicesk9-mz.150-1.M.bin
c7200-advipservicesk9-mz.150-1.M9.bin
c7200-advipservicesk9-mz.151-4.M2.bin
c7200-advipservicesk9-mz.152-4.S4.bin
c7200-advipservicesk9-mz.152-4.S7.bin
c7200-advsecurityk9-mz.124-20.T5.bin
c7200-advsecurityk9-mz.124-4.t.bin
c7200-advsecurityk9-mz.150-1.M10.bin
c7200-advsecurityk9-mz.150-1.M9.bin
c7200-advsecurityk9-mz.151-4.M9.bin
c7200-advsecurityk9-mz.152-4.M4.bin
c7200-advsecurityk9-mz.152-4.M7.bin
c7200-boot-mz.120-15.bin
c7200-boot-mz.120-21.ST7.bin
c7200-boot-mz.120-22.S5.bin
c7200-boot-mz.120-25.bin
c7200-boot-mz.120-25.S1.bin
c7200-boot-mz.120-26.S4.bin
c7200-boot-mz.120-27.bin
c7200-boot-mz.120-27.S1.bin
c7200-boot-mz.120-28d.bin
c7200-boot-mz.120-33.S10.bin
c7200-boot-mz.120-5.T1.bin
c7200-boot-mz.120-7.T3.bin
c7200-boot-mz.120-8.S.bin
c7200-boot-mz.123-22.bin
c7200-boot-mz.124-15.T.bin
c7200-boot-mz.124-16.bin
c7200-boot-mz.124-17.bin
c7200-boot-mz.124-20.T1.bin
c7200-boot-mz.124-23.bin
c7200-boot-mz.124-24.T3.bin
c7200-boot-mz.124-25c.bin
c7200-ds-mz.122-13.T9.bin
c7200-fpd-pkg.122-33.SRC3.pkg
c7200-fpd-pkg.122-33.SRD.pkg
c7200-fpd-pkg.124-22.T.pkg
c7200-fpd-pkg.124-24.T3.pkg
c7200-g4js-mz.123-19.bin
c7200-g4js-mz.123-21.bin
c7200-g4js-mz.123-24a.bin
c7200-g4js-mz.124-12.bin
c7200-i12s-mz.123-14.YM9.bin
c7200-ik2s-mz.121-27b.bin
c7200-ik8s-mz.122-11.T9.bin
c7200-ik8s-mz.122-15.t17.bin
c7200-ik91s-mz.122-31.SB3.bin
c7200-ik9o3s-mz.122-4.t.bin
c7200-ik9o3s-mz.122-40a.bin
c7200-ik9o3s-mz.123-14.T7.bin
c7200-ik9o3s-mz.123-16a.bin
c7200-ik9o3s-mz.123-1a.bin
c7200-ik9o3s-mz.123-20.bin
c7200-ik9o3s-mz.123-22.bin
c7200-ik9o3s-mz.123-24.bin
c7200-ik9o3s-mz.123-24a.bin
c7200-ik9o3s-mz.123-25.bin
c7200-ik9o3s-mz.123-26.bin
c7200-ik9o3s-mz.123-8.T6.bin
c7200-ik9o3s-mz.124-12.bin
c7200-ik9o3s-mz.124-12c.bin
c7200-ik9o3s-mz.124-18.bin
c7200-ik9o3s-mz.124-25c.bin
c7200-ik9o3s-mz.124-25d.bin
c7200-ik9o3s-mz.124-3.bin
c7200-ik9s-mz.122-15.T17.bin
c7200-ik9s-mz.122-34.bin
c7200-ik9s-mz.122-40a.bin
c7200-ik9s-mz.122-46a.bin
c7200-ik9s-mz.122-8.T5.bin
c7200-ik9s-mz.123-10.bin
c7200-ik9s-mz.123-13a.bin
c7200-ik9s-mz.123-18.bin
c7200-ik9s-mz.123-20.bin
c7200-ik9s-mz.123-24.bin
c7200-ik9s-mz.123-24a.bin
c7200-ik9s-mz.123-25.bin
c7200-ik9s-mz.123-26.bin
c7200-ik9s-mz.123-6.bin
c7200-ik9s-mz.124-13b.bin
c7200-ik9s-mz.124-18.bin
c7200-ik9s-mz.124-25c.bin
c7200-ik9s-mz.124-3.bin
c7200-ik9s-mz.124-8a.bin
c7200-ik9su2-mz.123-24a.bin
c7200-ik9su2-mz.123-26.bin
c7200-io3s56i-mz.121-19.bin
c7200-io3s-mz.121-14.E1.bin
c7200-io3s-mz.121-19.bin
c7200-io3s-mz.122-15.T13.bin
c7200-io3s-mz.122-26.bin
c7200-ipbasek9-mz.124-15.T5.bin
c7200-ipbasek9-mz.124-22.T.bin
c7200-ipbasek9-mz.124-6.T5.bin
c7200-ipbase-mz.124-24.T3.bin
c7200-is-mz.120-28d.bin
c7200-is-mz.120-3.T3.bin
c7200-is-mz.120-5.T1.bin
c7200-is-mz.120-7.T3.bin
c7200-is-mz.121-27b.bin
c7200-is-mz.122-13e.bin
c7200-is-mz.122-15.t17.bin
c7200-is-mz.122-15.T5.bin
c7200-is-mz.122-16.B2.bin
c7200-is-mz.122-16.bin
c7200-is-mz.122-16a.bin
c7200-is-mz.122-17a.bin
c7200-is-mz.122-18.S.bin
c7200-is-mz.122-19.bin
c7200-is-mz.122-21.bin
c7200-is-mz.122-25.S12.bin
c7200-is-mz.122-25.S8.bin
c7200-is-mz.122-31.bin
c7200-is-mz.122-31.SB2.bin
c7200-is-mz.122-32.bin
c7200-is-mz.122-34.bin
c7200-is-mz.122-40.bin
c7200-is-mz.122-40a.bin
c7200-is-mz.123-10.bin
c7200-is-mz.123-11.T10.bin
c7200-is-mz.123-13b.bin
c7200-is-mz.123-14.t1.bin
c7200-is-mz.123-17a.bin
c7200-is-mz.123-18.bin
c7200-is-mz.123-19.bin
c7200-is-mz.123-1a.B.bin
c7200-is-mz.123-1a.bin
c7200-is-mz.123-20.bin
c7200-is-mz.123-21.bin
c7200-is-mz.123-22.bin
c7200-is-mz.123-24.bin
c7200-is-mz.123-26.bin
c7200-is-mz.123-3.20040113
c7200-is-mz.123-3.B1.bin
c7200-is-mz.123-3.bin
c7200-is-mz.123-5a.B.bin
c7200-is-mz.123-5a.bin
c7200-is-mz.123-6a.bin
c7200-is-mz.123-6f.bin
c7200-is-mz.123-7.T.bin
c7200-is-mz.123-7.T3.bin
c7200-is-mz.123-8.T11.bin
c7200-is-mz.123-8.T6.bin
c7200-is-mz.123-8.T9.bin
c7200-is-mz.124-12.bin
c7200-is-mz.124-13b.bin
c7200-is-mz.124-16.bin
c7200-is-mz.124-18.bin
c7200-is-mz.124-19.bin
c7200-is-mz.124-3a.bin
c7200-is-mz.124-7a.bin
c7200-isu2-mz.123-24.bin
c7200-isu2-mz.123-26.bin
c7200-itpk9-mz.124-11.SW.bin
c7200-itpk9-mz.124-11.SW1.bin
c7200-itpk9-mz.124-15.SW.bin
c7200-jk2o3s-mz.121-27b.bin
c7200-jk8o3s-mz.122-17a.bin
c7200-jk9o3s-mz.122-28.bin
c7200-jk9o3s-mz.122-40.bin
c7200-jk9o3s-mz.123-11.T5.bin
c7200-jk9o3s-mz.123-14.T1.bin
c7200-jk9o3s-mz.123-14.T3.bin
c7200-jk9o3s-mz.123-14.T4.bin
c7200-jk9o3s-mz.123-15.bin
c7200-jk9o3s-mz.123-18.bin
c7200-jk9o3s-mz.123-19.bin
c7200-jk9o3s-mz.123-2.T3.bin
c7200-jk9o3s-mz.123-24.bin
c7200-jk9o3s-mz.123-24a.bin
c7200-jk9o3s-mz.123-26.bin
c7200-jk9o3s-mz.123-4.T1.bin
c7200-jk9o3s-mz.123-5.bin
c7200-jk9o3s-mz.123-5a.bin
c7200-jk9o3s-mz.123-6.bin
C7200-Jk9o3S-Mz.123-8.T.bin
c7200-jk9o3s-mz.124-10.bin
c7200-jk9o3s-mz.124-10a.bin
c7200-jk9o3s-mz.124-12.bin
c7200-jk9o3s-mz.124-13a.bin
c7200-jk9o3s-mz.124-16.bin
c7200-jk9o3s-mz.124-17.bin
c7200-jk9o3s-mz.124-18.bin
c7200-jk9o3s-mz.124-19.bin
c7200-jk9o3s-mz.124-1a.bin
c7200-jk9o3s-mz.124-1c.bin
c7200-jk9o3s-mz.124-25a.bin
c7200-jk9o3s-mz.124-25b.bin
c7200-jk9o3s-mz.124-25c.bin
c7200-jk9o3s-mz.124-25d.bin
c7200-jk9o3s-mz.124-3.bin
c7200-jk9o3s-mz.124-5a.bin
c7200-jk9o3s-mz.124-7e.bin
c7200-jk9o3s-mz.124-8.bin
c7200-jk9s-mz.122-40a.bin
c7200-jk9s-mz.123-12.bin
c7200-jk9s-mz.123-12a.bin
c7200-jk9s-mz.123-14.T6.bin
c7200-jk9s-mz.123-19.bin
c7200-jk9s-mz.123-22.bin
c7200-jk9s-mz.123-25.bin
c7200-jk9s-mz.123-26.bin
c7200-jk9s-mz.123-5a.bin
c7200-jk9s-mz.123-7.T.bin
c7200-jk9s-mz.124-13a.bin
c7200-jk9s-mz.124-13b.bin
c7200-jk9s-mz.124-18.bin
c7200-jk9s-mz.124-21.bin
c7200-jk9s-mz.124-21a.bin
c7200-jk9s-mz.124-25b.bin
c7200-jk9su2-mz.123-15a.bin
c7200-jk9su2-mz.123-23.bin
c7200-jk9su2-mz.123-26.bin
c7200-jk9su2-mz.123-6e.bin
c7200-jk9su2-mz.124-25c.bin
c7200-jo3s-mz.122-40.bin
c7200-jo3s-mz.123-5a.B.bin
c7200-js56i-mz.120-8.bin
c7200-js-mz.122-11.T.bin
c7200-js-mz.122-12l.bin
c7200-js-mz.122-12m.bin
c7200-js-mz.122-15.T2.bin
c7200-js-mz.122-18.S10.bin
c7200-js-mz.122-23.bin
c7200-js-mz.122-23e.bin
c7200-js-mz.122-23f.bin
c7200-js-mz.122-25.S4.bin
c7200-js-mz.122-25.S6.bin
c7200-js-mz.122-25.S7.bin
c7200-js-mz.122-25.S8.bin
c7200-js-mz.122-6.bin
c7200-js-mz.122-7b.bin
c7200-js-mz.123-1.bin
c7200-js-mz.123-13a.bin
c7200-js-mz.123-14.T3.bin
c7200-js-mz.123-14.T5.bin
c7200-js-mz.123-14.T7.bin
c7200-js-mz.123-15a.bin
c7200-js-mz.123-16.bin
c7200-js-mz.123-17.bin
c7200-js-mz.123-19.bin
c7200-js-mz.123-1a.bin
c7200-js-mz.123-21.bin
c7200-js-mz.123-22.bin
c7200-js-mz.123-26.bin
c7200-js-mz.123-3g.bin
c7200-js-mz.123-5.bin
c7200-js-mz.123-5a.bin
c7200-js-mz.123-6b.bin
c7200-js-mz.123-7.7.T.bin
c7200-js-mz.123-7.T.bin
c7200-js-mz.123-8.T11.bin
c7200-js-mz.123-8.T3.bin
c7200-js-mz.123-8.T8.bin
c7200-js-mz.123-9b.bin
c7200-js-mz.124-10.bin
c7200-js-mz.124-17.bin
c7200-js-mz.124-18.bin
c7200-js-mz.124-19.bin
c7200-js-mz.124-1c.bin
c7200-js-mz.124-23.bin
c7200-js-mz.124-3.bin
c7200-js-mz.124-3a.bin
c7200-js-mz.124-7.bin
c7200-jsu2-mz.123-24a.bin
c7200-jsu2-mz.123-26.bin
c7200-jx2-mz.122-4.T1.bin
c7200-k3p-mz.120-32.1.S3.bin
c7200-k3p-mz.120-32.S.bin
c7200-k3p-mz.120-32.S2.bin
c7200-k3p-mz.120-32.S5.bin
c7200-k4p-mz.120-25.S1.bin
c7200-k4p-mz.120-26.S1.bin
c7200-k4p-mz.120-27.S1.bin
c7200-k4p-mz.120-32.S3.bin
c7200-k91p-mz.122-18.S10.bin
c7200-k91p-mz.122-25.S10.bin
c7200-k91p-mz.122-25.S12.bin
c7200-k91p-mz.122-25.S3.bin
c7200-k91p-mz.122-25.S5.bin
c7200-k91p-mz.122-25.s9.bin
c7200-k91p-mz.122-28.SB.bin
c7200-k91p-mz.122-31.SB3.bin
c7200-kboot-mz.120-33.S10.bin
c7200-kboot-mz.122-13e.bin
c7200-kboot-mz.122-15.B.bin
c7200-kboot-mz.122-25.S9.bin
c7200-kboot-mz.122-34.bin
c7200-kboot-mz.123-14.T.bin
c7200-kboot-mz.123-16.bin
c7200-kboot-mz.123-17a.bin
c7200-kboot-mz.123-17b.bin
c7200-kboot-mz.123-19.bin
c7200-kboot-mz.123-1a.B.bin
c7200-kboot-mz.123-26.bin
c7200-kboot-mz.123-3.B1.bin
c7200-kboot-mz.123-7.T.bin
c7200-kboot-mz.123-7.T3.bin
c7200-kboot-mz.123-9.bin
c7200-kboot-mz.124-15.t1.bin
c7200-kboot-mz.124-1c.bin
c7200-kboot-mz.124-20.T1.bin
c7200-kboot-mz.124-21a.bin
c7200-kboot-mz.124-23.bin
c7200-kboot-mz.124-24.T3.bin
c7200-kboot-mz.124-25c.bin
c7200-kboot-mz.124-25g.bin
c7200-kboot-mz.124-5a.bin
c7200-kboot-mz.124-8a.bin
c7200-kboot-mz.151-4.M2.bin
c7200-kboot-mz.152-4.M6.bin
c7200-kboot-mz.152-4.S1.bin
c7200-mboot-mz.120-33.s10.bin
c7200p-a3jk91s-mz.122-31.SB13.bin
c7200p-a3jk91s-mz.122-31.SB18.bin
c7200p-adventerprisek9_sna-mz.124-11.T2.bin
c7200p-adventerprisek9_sna-mz.124-24.T1.bin
c7200p-adventerprisek9-mz.122-33.SRC1.bin
c7200p-adventerprisek9-mz.122-33.SRC6.bin
c7200p-adventerprisek9-mz.122-33.SRE11.bin
c7200p-adventerprisek9-mz.122-33.SRE2.bin
c7200p-adventerprisek9-mz.124-11.T2.bin
c7200p-adventerprisek9-mz.124-15.T1.bin
c7200p-adventerprisek9-mz.124-15.T4.bin
c7200p-adventerprisek9-mz.124-15.T7.bin
c7200p-adventerprisek9-mz.124-15.T8.bin
c7200p-adventerprisek9-mz.124-20.T.bin
c7200p-adventerprisek9-mz.124-22.T.bin
c7200p-adventerprisek9-mz.124-24.T.bin
c7200p-adventerprisek9-mz.124-24.T2.bin
c7200p-adventerprisek9-mz.124-24.T3.bin
c7200p-adventerprisek9-mz.124-24.T4.bin
c7200p-adventerprisek9-mz.124-24.T5.bin
c7200p-adventerprisek9-mz.124-4.XD11.bin
c7200p-adventerprisek9-mz.124-4.XD5.bin
c7200p-adventerprisek9-mz.124-4.XD9.bin
c7200p-adventerprisek9-mz.150-1.M.bin
c7200p-adventerprisek9-mz.150-1.M3.bin
c7200p-adventerprisek9-mz.150-1.M5.bin
c7200p-adventerprisek9-mz.150-1.M9.bin
c7200p-adventerprisek9-mz.151-3.S0a.bin
c7200p-adventerprisek9-mz.151-4.M.bin
c7200p-adventerprisek9-mz.151-4.M1.bin
c7200p-adventerprisek9-mz.151-4.M6.bin
c7200p-adventerprisek9-mz.151-4.M9.bin
c7200p-adventerprisek9-mz.152-4.M5.bin
c7200p-adventerprisek9-mz.152-4.M6.bin
c7200p-adventerprisek9-mz.152-4.M7.bin
c7200p-adventerprisek9-mz.152-4.M8.bin
c7200p-adventerprisek9-mz.152-4.S5.bin
c7200p-adventerprisek9-mz.152-4.S6.bin
c7200p-adventerprisek9-mz.152-4.S7.bin
c7200p-advipservicesk9_li-mz.122-33.SRD3.bin
c7200p-advipservicesk9_li-mz.122-33.SRE11.bin
c7200p-advipservicesk9_li-mz.124-11.T2.bin
c7200p-advipservicesk9_li-mz.150-1.M9.bin
c7200p-advipservicesk9-mz.122-33.SRC2.bin
c7200p-advipservicesk9-mz.122-33.SRC5.bin
c7200p-advipservicesk9-mz.122-33.SRC6.bin
c7200p-advipservicesk9-mz.122-33.SRD4.bin
c7200p-advipservicesk9-mz.122-33.SRE.bin
c7200p-advipservicesk9-mz.122-33.SRE1.bin
c7200p-advipservicesk9-mz.122-33.SRE10.bin
c7200p-advipservicesk9-mz.122-33.SRE2.bin
c7200p-advipservicesk9-mz.124-11.T.bin
c7200p-advipservicesk9-mz.124-11.T2.bin
c7200p-advipservicesk9-mz.124-22.T.bin
c7200p-advipservicesk9-mz.124-22.T3.bin
c7200p-advipservicesk9-mz.124-24.T.bin
c7200p-advipservicesk9-mz.124-24.T2.bin
c7200p-advipservicesk9-mz.124-24.T3.bin
c7200p-advipservicesk9-mz.124-24.T4.bin
c7200p-advipservicesk9-mz.124-4.XD10.bin
c7200p-advipservicesk9-mz.124-4.XD12.bin
c7200p-advipservicesk9-mz.124-4.XD4.bin
c7200p-advipservicesk9-mz.124-4.XD7.bin
c7200p-advipservicesk9-mz.150-1.M2.bin
c7200p-advipservicesk9-mz.150-1.M3.bin
c7200p-advipservicesk9-mz.152-4.M8.bin
c7200p-advipservicesk9-mz.152-4.S7.bin
c7200p-advsecurityk9-mz.124-15.T13.bin
c7200p-advsecurityk9-mz.124-24.T2.bin
c7200p-advsecurityk9-mz.124-24.T4.bin
c7200p-advsecurityk9-mz.124-24.T5.bin
c7200p-advsecurityk9-mz.150-1.M3.bin
c7200p-advsecurityk9-mz.151-4.M9.bin
c7200p-advsecurityk9-mz.152-4.m1.bin
c7200p-advsecurityk9-mz.152-4.M6.bin
c7200p-advsecurityk9-mz.152-4.M7.bin
c7200p-boot-mz.122-31.SB18.bin
c7200p-boot-mz.122-33.SRC5.bin
c7200p-boot-mz.124-22.T.bin
c7200p-fpd-pkg.124-22.T.pkg
c7200p-ipbase-mz.124-4.XD11.bin
c7200p-ipbase-mz.124-4.XD4.bin
c7200p-ipbase-mz.124-4.XD7.bin
c7200p-is-mz.122-31.SB18.bin
c7200p-isu2-mz.122-31.SB18.bin
c7200p-js-mz.122-31.SB10.bin
c7200p-js-mz.122-31.SB15.bin
c7200p-js-mz.122-31.SB18.bin
c7200p-jsu2-mz.122-31.SB18.bin
c7200p-k91p-mz.122-31.SB13.bin
c7200p-k91p-mz.122-31.SB5.bin
c7200-pk9u2-mz.124-12.bin.bin
c7200-pk9u2-mz.124-13b.bin
c7200-pk9u2-mz.124-17.bin
c7200-pk9u2-mz.124-21.bin
c7200-pk9u2-mz.124-23.bin
c7200-pk9u2-mz.124-25c.bin
c7200-pk9u2-mz.124-25g.bin
c7200p-kboot-mz.122-31.SB13.bin
c7200p-kboot-mz.122-31.SB18.bin
c7200p-kboot-mz.124-15.T4.bin
c7200p-kboot-mz.124-20.T1.bin
c7200p-kboot-mz.124-24.T1.bin
c7200p-kboot-mz.124-4.XD9.bin
c7200-p-mz.120-22.S.bin
c7200-p-mz.120-26.S.bin
c7200-p-mz.120-27.bin
c7200-p-mz.120-27.S1.bin
c7200-p-mz.120-27.S2.bin
c7200-p-mz.120-7.T.bin
c7200-p-mz.121-10.bin
c7200-p-mz.122-12.bin
c7200-p-mz.122-18.S4.bin
c7200-p-mz.122-18.S8.bin
c7200-p-mz.122-19.bin
c7200-p-mz.122-24.bin
c7200-p-mz.122-25.S6.bin
c7200-p-mz.122-25.S7.bin
c7200-p-mz.122-25.S8.bin
c7200-p-mz.122-28.SB.bin
c7200-p-mz.122-31.bin
c7200-p-mz.122-32.bin
c7200-p-mz.122-34.bin
c7200-p-mz.122-40.bin
c7200-p-mz.122-46a.bin
c7200-p-mz.123-12a.bin
c7200-p-mz.123-14.T7.bin
c7200-p-mz.123-18.bin
c7200-p-mz.123-19.bin
c7200-p-mz.123-1a.bin
c7200-p-mz.123-20.bin
c7200-p-mz.123-22.bin
c7200-p-mz.123-24.bin
c7200-p-mz.123-24a.bin
c7200-p-mz.123-25.bin
c7200-p-mz.123-26.bin
c7200-p-mz.123-4.T2.bin
c7200-p-mz.123-7.T.bin
c7200-p-mz.124-10.bin
c7200-p-mz.124-18.bin
c7200-p-mz.124-1c.bin
c7200-p-mz.124-21a.bin
c7200-p-mz.124-8.bin
c7200-p-mz.124-8d.bin
c7200p-p-mz.122-31.SB12.bin
c7200p-p-mz.122-31.SB18.bin
c7200p-spservicesk9-mz.122-33.SRC.bin
c7200p-spservicesk9-mz.122-33.SRE11.bin
c7200p-spservicesk9-mz.122-33.SRE2.bin
c7200p-spservicesk9-mz.124-11.T.bin
c7200p-spservicesk9-mz.124-11.T1.bin
c7200p-spservicesk9-mz.124-11.T3.bin
c7200p-spservicesk9-mz.124-15.T1.bin
c7200p-spservicesk9-mz.124-15.T3.bin
c7200p-spservicesk9-mz.124-22.T.bin
c7200p-spservicesk9-mz.124-24.T5.bin
c7200p-spservicesk9-mz.124-4.XD10.bin
c7200p-spservicesk9-mz.124-4.XD4.bin
c7200p-spservicesk9-mz.124-4.XD5.bin
c7200p-spservicesk9-mz.124-4.XD7.bin
c7200p-spservicesk9-mz.150-1.M9.bin
c7200-spservicesk9-mz.122-33.SRC1.bin
c7200-spservicesk9-mz.122-33.SRC3.bin
c7200-spservicesk9-mz.122-33.SRE1.bin
c7200-spservicesk9-mz.124-11.T1.bin
c7200-spservicesk9-mz.124-15.T5.bin
c7200-spservicesk9-mz.124-20.T5.bin
c7200-spservicesk9-mz.124-22.T.bin
c7200-spservicesk9-mz.150-1.M10.bin
c7200-spservicesk9-mz.152-4.S.bin
c7200-spservicesk9-mz.152-4.S4.bin
c7200-tipv6-mz.bin
c7200-tscgen-mz.sit
c7200-tsjspgen-mz.sit
listmyfolderCAT.txt
text.txt

7600-6500:
ACE			       c7600-fpd-pkg.153-3.S6.pkg  SUP1_MSFC1
c6500-fpd-pkg.122-33.SXI5.pkg  Cat6000.cv50.v9-1.zip	   SUP1_MSFC2
c6500-fpd-pkg.122-33.SXJ7.pkg  MSFC			   SUP2_MSFC2
c6500-fpd-pkg.122-33.SXJ8.pkg  MSFC2			   SUP2T
c6ksup720-rm2.8-5-1.srec       MSFC2A			   SUP32_MSFC2A
c7600-fpd-pkg.122-33.SRA3.pkg  MSFC3			   SUP720_MSFC3
c7600-fpd-pkg.122-33.SRB.pkg   MWAM-GGSN		   SVC
c7600-fpd-pkg.122-33.SRB1.pkg  PISA			   WISM
c7600-fpd-pkg.122-33.SRC1.pkg  RSP720_MSFC4		   WSCMM
c7600-fpd-pkg.151-2.S.pkg      SLB

catalysts:
cat1200    cat2948G-L3	cat3560e   cat3k       cat5000	     cat8510MSR
cat1900    cat29xx	cat3600me  cat4000     cat5000-rsfc  CBS30x
cat2350    cat3400me	cat3750    cat4232-L3  cat5000-rsm   CBS31x
cat2360    cat3500	cat3750e   cat4500     cat500e	     CGESM
cat2400me  cat3550	cat3750me  cat4500agm  cat520e	     IE3000
cat2820    cat3560	cat3800me  cat4500e    cat6000	     me6524

soho70:
soho70-oy1-mz.122-13.zh2.bin  soho70-y1-mz.123-15.bin  soho70-y1-mz.123-3.bin
soho70-y1-mz.121-3.XP3.bin    soho70-y1-mz.123-20.bin  soho70-y1-mz.123-5.bin
soho70-y1-mz.121-5.YB4.bin    soho70-y1-mz.123-22.bin
soho70-y1-mz.122-4.ya2.bin    soho70-y1-mz.123-26.bin

soho91:
soho91-k9oy6-mz.123-11.YZ1.bin	soho91-k9oy6-mz.124-21.bin
soho91-k9oy6-mz.123-8.YA.bin	soho91-k9oy6-mz.124-7.bin
soho91-k9oy6-mz.124-19.bin	soho91-k9oy6-mz.124-8.bin

soho97:
soho97-k9oy1-mz.122-8.YN.bin	soho97-k9oy1-mz.123-4.T4.bin
soho97-k9oy1-mz.123-11.T10.bin	soho97-k9oy1-mz.124-5.bin
soho97-k9oy1-mz.123-11.YS1.bin	soho97-k9oy1-mz.124-7.bin
soho97-k9oy1-mz.123-2.XC.bin	soho97-oy1-mz.124-6.T.bin
